pair_id,doi_r,title_r,abstract_r,year_r,authors_r,journal_r,url_r,openalex_id_r,source,ref_r,filter_status,filter_method,filter_evidence,filter_confidence,original_match_type,original_match_confidence,doi_o,title_o,year_o,authors_o,ref_o,bibtex_ref_o,bibtex_ref_r,link_method,link_evidence,link_confidence,link_llm_model,doi_o_verification,outcome,outcome_phrase,outcome_confidence,out_quote_source,outcome_reasoning,type,original_rank,n_originals,removal_reason
7515b1bbeace99f4a5dc7023c2bf4963,10.31234/osf.io/fg8yz,Are affective factors related to individual differences in facial expression recognition?,"Evidence that affective factors (e.g., anxiety, depression, affect) are significantly related to individual differences in emotion recognition is mixed. Palermo et al. (2018 Journal of Experimental Psychology: Human Perception and Performance) recently reported that individuals who scored lower in anxiety performed significantly better on two measures of facial-expression recognition (emotion-matching and emotion-labeling tasks), but not a third measure (the Multimodal Emotion Recognition Test). By contrast, facial- expression recognition was not significantly correlated with measures of depression, positive or negative affect, empathy, or autistic-like traits. Because the range of affective factors considered in this study and its use of multiple expression-recognition tasks mean that it is a relatively comprehensive investigation of the role of affective factors in facial expression recognition, we propose to carry out a direct replication.",2019.0,Sarah Aied Alharbi; Katherine S. Button; Amy Bagshaw; Lingshan Zhang; Kieran J. O’Shea; Vanessa Fasolt; Anthony J. Lee; Lisa M. DeBruine; Benedict C. Jones,,,https://openalex.org/W4243461258,openalex,Alharbi · 2019,replication,both,"phrase:direct replication; no author-year cite | llm:""we propose to carry out a direct replication""",high,single_original,high,10.1098/rsos.190699,Are affective factors related to individual differences in facial expression recognition?,2020.0,"Alharbi, S. A. H.; Button, K. S.; Zhang, L.; O’Shea, K. J.; Fasolt, V.; Lee, A. J.; DeBruine, L. M.; Jones, B. C.","Alharbi, S. A. H., Button, K. S., Zhang, L., O’Shea, K. J., Fasolt, V., Lee, A. J., DeBruine, L. M., & Jones, B. C. (2020). Are affective factors related to individual differences in facial expression recognition?. Royal Society Open Science, 7(9), 190699–190699. https://doi.org/10.1098/rsos.190699","@article{Alharbi_2020, title={Are affective factors related to individual differences in facial expression recognition?}, author={Alharbi, S. A. H. and Button, K. S. and Zhang, L. and O’Shea, K. J. and Fasolt, V. and Lee, A. J. and DeBruine, L. M. and Jones, B. C.}, journal={Royal Society Open Science}, volume={7}, number={9}, pages={190699--190699}, year={2020}, doi={10.1098/rsos.190699}, url={https://doi.org/10.1098/rsos.190699}}","@misc{SarahAiedAlharbi_2019.0, title={Are affective factors related to individual differences in facial expression recognition?}, author={Sarah Aied Alharbi and Katherine S. Button and Amy Bagshaw and Lingshan Zhang and Kieran J. O’Shea and Vanessa Fasolt and Anthony J. Lee and Lisa M. DeBruine and Benedict C. Jones}, year={2019.0}, doi={10.31234/osf.io/fg8yz}, url={https://doi.org/10.31234/osf.io/fg8yz}}",llm_fulltext,"Palermo et al. (2018 Journal of Experimental Psychology: Human Perception and Performance) recently reported that individuals who scored lower in anxiety performed significantly better on two measures of facial-expression recognition (emotion-matching and emotion-labeling tasks). | DOI mismatch: 10.1037/xhp0000541 points to ""Object-based target templates guide attention during visual search."" (2018), not ""Are affective factors related to individual differences in facial expression recognition?"" | DOI corrected: 10.1037/xhp0000541 pointed to a different work; replaced with 10.1098/rsos.190699 (""Are affective factors related to individual differences in facial expression recognition?"") | DOI confirmed by metadata search; row year_o/author_o disagree with DOI metadata (2020, ""Alharbi"")",low,gemini-3-flash-preview,verified,cannot_be_determined,"Palermo et al. (2018 Journal of Experimental Psychology: Human Perception and Performance) recently reported that individuals who scored lower in anxiety performed significantly better on two measures of facial-expression recognition (emotion-matching and emotion-labeling tasks), but not a third measure (the Multimodal Emotion Recognition Test). By contrast, facial-expression recognition was not significantly correlated with measures of depression, positive or negative affect, empathy, or autistic-like traits. Because the range of affective factors considered in this study and its use of multiple expression-recognition tasks mean that it is a relatively comprehensive investigation of the role of affective factors in facial expression recognition, we propose to carry out a direct replication.",high,abstract,"The abstract describes a planned direct replication and summarizes the original study's findings but does not report any results from the replication, so the replication outcome cannot be determined from this text.",replication,1,1,self_link_same_work
2c21f49c52e0a24e28eb11ce402eab62,10.1177/1948550618766399,Changing Beliefs About Female Leader Advancement Following the 2016 U.S. Presidential Election,"Scholars have discussed the implications of positive leadership role models, including the impact of Barack Obama and Hillary Clinton’s political rise for aspiring leaders of underrepresented groups. However, there are also potential ramifications when those role models fail, shaping broader beliefs about the permeability of the glass ceiling. The current research tests this idea by evaluating the perceived promotability of male and female business leaders before ( n = 165) and following ( n = 159) the 2016 U.S. presidential election. Results indicated that the election result negatively affected the perceived promotability of women relative to men. A conceptual replication study ( N = 997) manipulating election reminders yielded a similar pattern. Notably, respondents’ own beliefs about the glass ceiling and willingness to work with the targets did not change, suggesting that Clinton’s failed leadership bid informed predictions about the behavior of others, but it did not shift personal attitudes toward female leaders.",2018.0,Miriam S. Yates; Tyler G. Okimoto,Social Psychological and Personality Science,,https://openalex.org/W2808601577,openalex,Yates · 2018 · Social Psychological and Personality Science,replication,both,phrase:conceptual replication; no author-year cite | llm:“A conceptual replication study (N = 997) manipulating election reminders”,high,single_original,high,10.1177/0956797617744531,Changing Beliefs About Female Leader Advancement Following the 2016 U.S. Presidential Election,2018.0,"Yates, M. S.; Okimoto, T. G.","Yates, M. S., & Okimoto, T. G. (2019). Changing Beliefs About Female Leader Advancement Following the 2016 U.S. Presidential Election. Social Psychological and Personality Science, 10(4), 423–431. https://doi.org/10.1177/1948550618766399","@article{Yates_2019, title={Changing Beliefs About Female Leader Advancement Following the 2016 U.S. Presidential Election}, author={Yates, M. S. and Okimoto, T. G.}, journal={Social Psychological and Personality Science}, volume={10}, number={4}, pages={423--431}, year={2019}, doi={10.1177/1948550618766399}, url={https://doi.org/10.1177/1948550618766399}}","@article{MiriamSYates_2018.0, title={Changing Beliefs About Female Leader Advancement Following the 2016 U.S. Presidential Election}, author={Miriam S. Yates and Tyler G. Okimoto}, journal={Social Psychological and Personality Science}, year={2018.0}, doi={10.1177/1948550618766399}, url={https://doi.org/10.1177/1948550618766399}}",llm_fulltext,A conceptual replication study (N = 997) confirmed these results and showed that they were driven by a decreased belief that the glass ceiling is breaking. | DOI 10.1177/0956797617744531 is not registered and no replacement was found,high,gemini-3-flash-preview,no_metadata,success,A conceptual replication study ( N = 997) manipulating election reminders yielded a similar pattern.,high,abstract,The abstract explicitly states that a conceptual replication study yielded a similar pattern to the initial findings regarding the negative effect of the election on perceived promotability.,replication,1,1,self_link_same_work
3b05b3e237132d255d4937610ec569be,10.1037/apl0000891,Daily microbreaks in a self-regulatory resources lens: Perceived health climate as a contextual moderator via microbreak autonomy.,"= 1,024 daily observations). In Study 1, multilevel path analysis results showed that on days when employees had poorer recovery at home (i.e., poor sleep quality), they experienced higher fatigue in the next morning (low self-regulatory capacity) and thus took microbreaks more frequently at work. In turn, their engagement in microbreaks was related to higher work engagement during the day and lower end-of-work fatigue. Furthermore, perceived health climate was found to moderate the path from morning fatigue to microbreaks. In Study 2, we replicated and confirmed the serial mediation paths found in Study 1 (poor sleep quality → morning fatigue → microbreaks → work engagement and end-of-work fatigue). Building on Study 1, Study 2 also identified microbreak autonomy as a mechanism by which perceived health climate moderates the path between morning fatigue and microbreaks (i.e., mediated moderation effect). Exploratory analyses discovered intriguing patterns of socialization microbreaks versus other microbreaks, providing further implications for the theoretical perspective. Overall, the findings support the theoretical resource perspective of microbreaks as an effective energy management strategy while at work. (PsycInfo Database Record (c) 2022 APA, all rights reserved).",2021.0,Sooyeol Kim; Seonghee Cho; YoungAh Park,Journal of Applied Psychology,,https://openalex.org/W3135685219,openalex,Kim · 2021 · Journal of Applied Psychology,replication,both,"phrase:we replicated; no author-year cite | llm:""In Study 2, we replicated and confirmed the serial mediation paths found in Study 1""",high,single_original,high,10.1037/apl0000231,Daily microbreaks in a self-regulatory resources lens: Perceived health climate as a contextual moderator via microbreak autonomy,2017.0,"Spoelma, T.; Ellis, A. P. J.","Spoelma, T., & Ellis, A. P. J. (2017). Fuse or fracture? Threat as a moderator of the effects of diversity faultlines in teams.. Journal of Applied Psychology, 102(9), 1344–1359. https://doi.org/10.1037/apl0000231","@article{Spoelma_2017, title={Fuse or fracture? Threat as a moderator of the effects of diversity faultlines in teams.}, author={Spoelma, T. and Ellis, A. P. J.}, journal={Journal of Applied Psychology}, volume={102}, number={9}, pages={1344--1359}, year={2017}, doi={10.1037/apl0000231}, url={https://doi.org/10.1037/apl0000231}}","@article{SooyeolKim_2021.0, title={Daily microbreaks in a self-regulatory resources lens: Perceived health climate as a contextual moderator via microbreak autonomy.}, author={Sooyeol Kim and Seonghee Cho and YoungAh Park}, journal={Journal of Applied Psychology}, year={2021.0}, doi={10.1037/apl0000891}, url={https://doi.org/10.1037/apl0000891}}",llm_fulltext,"In Study 2, we replicated and confirmed the serial mediation paths found in Study 1 (poor sleep quality → morning fatigue → microbreaks → work engagement and end-of-work fatigue). | DOI mismatch: 10.1037/apl0000231 points to ""Fuse or fracture? Threat as a moderator of the effects of diversity faultlines in teams."" (2017), not ""Daily microbreaks in a self-regulatory resources lens: Perceived health climate as a contextual moderator via microbreak autonomy""",low,gemini-3-flash-preview,mismatch,success,"Furthermore, perceived health climate was found to moderate the path from morning fatigue to microbreaks. In Study 2, we replicated and confirmed the serial mediation paths found in Study 1 (poor sleep quality → morning fatigue → microbreaks → work engagement and end-of-work fatigue). Building on Study 1, Study 2 also identified microbreak autonomy as a mechanism by which perceived health climate moderates the path between morning fatigue and microbreaks (i.e., mediated moderation effect).",high,abstract,,replication,1,1,unresolved_bad_link
2a9f3d39b2efd947c52460bf8ea38915,10.1177/1368430219839763,Collective existential threat mediates White population decline’s effect on defensive reactions,"We present evidence from two studies probing into whether perceived numerical decline in the White population translate into collective existential threat to Whites, leading in turn to defensive reactions. In Study 1, we used correlational data to show whether collective existential threat mediates the relationship between perceptions of White population decline and defensive political reactions (i.e., racial biases and conservatism) among Whites. In Study 2, we replicate the results of Study 1 experimentally manipulating perceptions of White population decline and growth. Our results suggest that Whites’ perceptions of the ingroup’s numerical decline have a unique effect on their racial and political attitudes via heightened feelings of collective existential threat.",2019.0,Hui Bai; Christopher M. Federico,Group Processes & Intergroup Relations,,https://openalex.org/W2945535030,openalex,Bai · 2019 · Group Processes & Intergroup Relations,replication,both,"phrase:we replicate; no author-year cite | llm:""In Study 2, we replicate the results of Study 1 experimentally""",high,single_original,high,10.1016/j.jesp.2011.12.011,Collective existential threat mediates White population decline’s effect on defensive reactions,2011.0,"Todd, A. R.; Bodenhausen, G. V.; Galinsky, A. D.","Todd, A. R., Bodenhausen, G. V., & Galinsky, A. D. (2011). Perspective taking combats the denial of intergroup discrimination. Journal of Experimental Social Psychology, 48(3), 738–745. https://doi.org/10.1016/j.jesp.2011.12.011","@article{Todd_2011, title={Perspective taking combats the denial of intergroup discrimination}, author={Todd, A. R. and Bodenhausen, G. V. and Galinsky, A. D.}, journal={Journal of Experimental Social Psychology}, volume={48}, number={3}, pages={738--745}, year={2011}, doi={10.1016/j.jesp.2011.12.011}, url={https://doi.org/10.1016/j.jesp.2011.12.011}}","@article{HuiBai_2019.0, title={Collective existential threat mediates White population decline’s effect on defensive reactions}, author={Hui Bai and Christopher M. Federico}, journal={Group Processes & Intergroup Relations}, year={2019.0}, doi={10.1177/1368430219839763}, url={https://doi.org/10.1177/1368430219839763}}",llm_fulltext,"In Study 2, we replicate the results of Study 1 experimentally manipulating perceptions of White population decline and growth. | DOI mismatch: 10.1016/j.jesp.2011.12.011 points to ""Perspective taking combats the denial of intergroup discrimination"" (2012), not ""Collective existential threat mediates White population decline’s effect on defensive reactions""",low,gemini-3-flash-preview,mismatch,success,"In Study 2, we replicate the results of Study 1 experimentally manipulating perceptions of White population decline and growth. Our results suggest that Whites’ perceptions of the ingroup’s numerical decline have a unique effect on their racial and political attitudes via heightened feelings of collective existential threat.",high,abstract,"The authors explicitly state that Study 2 replicates the results of Study 1, confirming the mediation effect of collective existential threat on racial and political attitudes.",replication,1,1,unresolved_bad_link
aa7234f997183a17ac308c506315d348,10.1038/ijo.2017.70,Untangling the relationship between diet and visceral fat mass through blood metabolomics and gut microbiome profiling,"BACKGROUND/OBJECTIVES: Higher visceral fat mass (VFM) is associated with an increased risk for developing cardio-metabolic diseases. The mechanisms by which an unhealthy diet pattern may influence visceral fat (VF) development has yet to be examined through cutting-edge multi-omic methods. Therefore, our objective was to examine the dietary influences on VFM and identify gut microbiome and metabolite profiles that link food intakes to VFM. SUBJECTS/METHODS: In 2218 twins with VFM, food intake and metabolomics data available we identified food intakes most strongly associated with VFM in 50% of the sample, then constructed and tested the 'VFM diet score' in the remainder of the sample. Using linear regression (adjusted for covariates, including body mass index and total fat mass), we investigated associations between the VFM diet score, the blood metabolomics profile and the fecal microbiome (n=889), and confirmed these associations with VFM. We replicated top findings in monozygotic (MZ) twins discordant (⩾1 s.d. apart) for VFM, matched for age, sex and the baseline genetic sequence. RESULTS: ). CONCLUSIONS: We linked a dietary VFM score and VFM to E. dolichum and four metabolites in the blood. In particular, the relationship between hippurate, a metabolite derived from microbial metabolism of dietary polyphenols, and reduced VFM, the microbiome and increased adipose tissue expression of neuroglobin provides potential mechanistic insight into the influence of diet on VFM.",2017.0,Tess Pallister; Matthew Jackson; Tiphaine Martin; Craig A. Glastonbury; Amy Jennings; Michelle Beaumont; Robert P. Mohney; Kerrin S. Small; Alex J. MacGregor; Claire J. Steves; Aedín Cassidy; Tim D. Spector; Cristina Menni; Ana M. Valdes,International Journal of Obesity,,https://openalex.org/W2604896021,openalex,Pallister · 2017 · International Journal of Obesity,replication,both,phrase:we replicated; no author-year cite | llm:“We replicated top findings in monozygotic (MZ) twins discordant ... for VFM”,high,single_original,high,10.1038/ijo.2017.12,Untangling the relationship between diet and visceral fat mass through blood metabolomics and gut microbiome profiling,2017.0,"Moon, S.; Hwang, M. Y.; Jang, H. B.; Han, S. W.; Kim, Y. J.; Hwang, J.; Lee, H.; Park, S.; Song, J.; Kim, B.","Moon, S., Hwang, M. Y., Jang, H. B., Han, S. W., Kim, Y. J., Hwang, J., Lee, H., Park, S., Song, J., & Kim, B. (2017). Whole-exome sequencing study reveals common copy number variants in protocadherin genes associated with childhood obesity in Koreans. International Journal of Obesity, 41(4), 660–663. https://doi.org/10.1038/ijo.2017.12","@article{Moon_2017, title={Whole-exome sequencing study reveals common copy number variants in protocadherin genes associated with childhood obesity in Koreans}, author={Moon, S. and Hwang, M. Y. and Jang, H. B. and Han, S. W. and Kim, Y. J. and Hwang, J. and Lee, H. and Park, S. and Song, J. and Kim, B.}, journal={International Journal of Obesity}, volume={41}, number={4}, pages={660--663}, year={2017}, doi={10.1038/ijo.2017.12}, url={https://doi.org/10.1038/ijo.2017.12}}","@article{TessPallister_2017.0, title={Untangling the relationship between diet and visceral fat mass through blood metabolomics and gut microbiome profiling}, author={Tess Pallister and Matthew Jackson and Tiphaine Martin and Craig A. Glastonbury and Amy Jennings and Michelle Beaumont and Robert P. Mohney and Kerrin S. Small and Alex J. MacGregor and Claire J. Steves and Aedín Cassidy and Tim D. Spector and Cristina Menni and Ana M. Valdes}, journal={International Journal of Obesity}, year={2017.0}, doi={10.1038/ijo.2017.70}, url={https://doi.org/10.1038/ijo.2017.70}}",llm_fulltext,"we identified food intakes most strongly associated with VFM in 50% of the sample, then constructed and tested the 'VFM diet score' in the remainder of the sample. | DOI mismatch: 10.1038/ijo.2017.12 points to ""Whole-exome sequencing study reveals common copy number variants in protocadherin genes associated with childhood obesity in Koreans"" (2017), not ""Untangling the relationship between diet and visceral fat mass through blood metabolomics and gut microbiome profiling""",low,gemini-3-flash-preview,mismatch,success,"Using linear regression (adjusted for covariates, including body mass index and total fat mass), we investigated associations between the VFM diet score, the blood metabolomics profile and the fecal microbiome (n=889), and confirmed these associations with VFM. We replicated top findings in monozygotic (MZ) twins discordant (⩾1 s.d. apart) for VFM, matched for age, sex and the baseline genetic sequence. RESULTS: ).",high,abstract,,replication,1,1,unresolved_bad_link
ec752b45b73a0450b4d5fc138f658535,10.3389/fpsyg.2013.00632,Grapheme-color synaesthesia is associated with a distinct cognitive style,"In this study we investigated whether synaesthesia is associated with a particular cognitive style. Cognitive style refers to preferred modes of information processing, such as a verbal style or a visual style. We reasoned that related to the enriched world of experiences created by synaesthesia, its association with enhanced verbal and visual memory, higher imagery and creativity, synaesthetes might show enhanced preference for a verbal as well as for a visual cognitive style compared to non-synaesthetes. In Study 1 we tested a large convenience sample of 1046 participants, who classified themselves as grapheme-color, sound-color, lexical-gustatory, sequence-space, or as non-synaesthetes. To assess cognitive style, we used the revised verbalizer-visualizer questionnaire (VVQ), which involves three independent cognitive style dimensions (verbal style, visual-spatial style, and vivid imagery style). The most important result was that those who reported grapheme-color synaesthesia showed higher ratings on the verbal and vivid imagery style dimensions, but not on the visual-spatial style dimension. In Study 2 we replicated this finding in a laboratory study involving 24 grapheme-color synaesthetes with objectively confirmed synaesthesia and a closely matched control group. Our results indicate that grapheme-color synaesthetes prefer both a verbal and a specific visual cognitive style. We suggest that this enhanced preference, probably together with the greater ease to switch between a verbal and a vivid visual imagery style, may be related to cognitive advantages associated with grapheme color synaesthesia such as enhanced memory performance and creativity.",2013.0,Beat Meier; Nicolas Rothen,Frontiers in Psychology,,https://openalex.org/W2015687723,openalex,Meier · 2013 · Frontiers in Psychology,replication,both,phrase:we replicated; no author-year cite | llm:“In Study 2 we replicated this finding in a laboratory study”,high,single_original,low,10.3389/fpsyg.2013.00462,Grapheme-color synaesthesia is associated with a distinct cognitive style,2013.0,"Chan, D.; Peterson, M. A.; Barense, M. D.; Pratt, J.","Chan, D., Peterson, M. A., Barense, M. D., & Pratt, J. (2013). How action influences object perception. Frontiers in Psychology, 4, 462–462. https://doi.org/10.3389/fpsyg.2013.00462","@article{Chan_2013, title={How action influences object perception}, author={Chan, D. and Peterson, M. A. and Barense, M. D. and Pratt, J.}, journal={Frontiers in Psychology}, volume={4}, pages={462--462}, year={2013}, doi={10.3389/fpsyg.2013.00462}, url={https://doi.org/10.3389/fpsyg.2013.00462}}","@article{BeatMeier_2013.0, title={Grapheme-color synaesthesia is associated with a distinct cognitive style}, author={Beat Meier and Nicolas Rothen}, journal={Frontiers in Psychology}, year={2013.0}, doi={10.3389/fpsyg.2013.00632}, url={https://doi.org/10.3389/fpsyg.2013.00632}}",llm_fulltext,"In Study 2, we aimed to replicate this finding in a smaller but more controlled sample of 38 grapheme-color synaesthetes and 38 matched controls. | DOI mismatch: 10.3389/fpsyg.2013.00462 points to ""How action influences object perception"" (2013), not ""Grapheme-color synaesthesia is associated with a distinct cognitive style""",low,gemini-3-flash-preview,mismatch,success,"The most important result was that those who reported grapheme-color synaesthesia showed higher ratings on the verbal and vivid imagery style dimensions, but not on the visual-spatial style dimension. In Study 2 we replicated this finding in a laboratory study involving 24 grapheme-color synaesthetes with objectively confirmed synaesthesia and a closely matched control group. Our results indicate that grapheme-color synaesthetes prefer both a verbal and a specific visual cognitive style.",high,abstract,,replication,1,1,unresolved_bad_link
959187d52f6054e5eeafe77288dede29,10.1038/s41598-017-02721-0,Differential methylation is associated with non-syndromic cleft lip and palate and contributes to penetrance effects,"Non-syndromic cleft lip and/or palate (NSCLP) is a common congenital malformation with a multifactorial model of inheritance. Although several at-risk alleles have been identified, they do not completely explain the high heritability. We postulate that epigenetic factors as DNA methylation might contribute to this missing heritability. Using a Methylome-wide association study in a Brazilian cohort (67 NSCLP, 59 controls), we found 578 methylation variable positions (MVPs) that were significantly associated with NSCLP. MVPs were enriched in regulatory and active regions of the genome and in pathways already implicated in craniofacial development. In an independent UK cohort (171 NSCLP, 177 controls), we replicated 4 out of 11 tested MVPs. We demonstrated a significant positive correlation between blood and lip tissue DNA methylation, indicating blood as a suitable tissue for NSCLP methylation studies. Next, we quantified CDH1 promoter methylation levels in CDH1 mutation-positive families, including penetrants, non-penetrants or non-carriers for NSCLP. We found methylation levels to be significantly higher in the penetrant individuals. Taken together, our results demonstrated the association of methylation at specific genomic locations as contributing factors to both non-familial and familial NSCLP and altered DNA methylation may be a second hit contributing to penetrance.",2017.0,Lucas Alvizi; Xiayi Ke; Luciano Abreu Brito; Rimante Seselgyte; Gudrun E. Moore; Philip Stanier; Maria Rita Passos‐Bueno,Scientific Reports,,https://openalex.org/W2620102978,openalex,Alvizi · 2017 · Scientific Reports,replication,both,phrase:we replicated; no author-year cite | llm:“In an independent UK cohort … we replicated 4 out of 11 tested MVPs.”,high,single_original,high,10.1038/ncomms14471,Differential methylation is associated with non-syndromic cleft lip and palate and contributes to penetrance effects,2017.0,"Xiang, L.; Palma, J. L.; Li, Y.; Mújica, V.; Ratner, M. A.; Tao, N.","Xiang, L., Palma, J. L., Li, Y., Mújica, V., Ratner, M. A., & Tao, N. (2017). Gate-controlled conductance switching in DNA. Nature Communications, 8(1), 14471–14471. https://doi.org/10.1038/ncomms14471","@article{Xiang_2017, title={Gate-controlled conductance switching in DNA}, author={Xiang, L. and Palma, J. L. and Li, Y. and Mújica, V. and Ratner, M. A. and Tao, N.}, journal={Nature Communications}, volume={8}, number={1}, pages={14471--14471}, year={2017}, doi={10.1038/ncomms14471}, url={https://doi.org/10.1038/ncomms14471}}","@article{LucasAlvizi_2017.0, title={Differential methylation is associated with non-syndromic cleft lip and palate and contributes to penetrance effects}, author={Lucas Alvizi and Xiayi Ke and Luciano Abreu Brito and Rimante Seselgyte and Gudrun E. Moore and Philip Stanier and Maria Rita Passos‐Bueno}, journal={Scientific Reports}, year={2017.0}, doi={10.1038/s41598-017-02721-0}, url={https://doi.org/10.1038/s41598-017-02721-0}}",llm_fulltext,"In an independent UK cohort (171 NSCLP, 177 controls), we replicated 11 MVPs that were significantly associated with NSCLP. | DOI mismatch: 10.1038/ncomms14471 points to ""Gate-controlled conductance switching in DNA"" (2017), not ""Differential methylation is associated with non-syndromic cleft lip and palate and contributes to penetrance effects""",low,gemini-3-flash-preview,mismatch,success,"MVPs were enriched in regulatory and active regions of the genome and in pathways already implicated in craniofacial development. In an independent UK cohort (171 NSCLP, 177 controls), we replicated 4 out of 11 tested MVPs. We demonstrated a significant positive correlation between blood and lip tissue DNA methylation, indicating blood as a suitable tissue for NSCLP methylation studies.",high,abstract,,replication,1,1,unresolved_bad_link
0d340b1c105a20527643b138da80234c,10.5465/amj.2014.0261,Resource-Based Contingencies of When Team–Member Exchange Helps Member Performance in Teams,"We integrate social exchange theory with social capital theory to present a resource-based contingency model of when team–member exchange (TMX) helps individual performance in teams. We argue that strong TMX produces obligations to utilize resources (e.g., task information) provided by one’s teammates, and these obligations enhance performance when (a) teammates provide resources of high quality or (b) the quality of resources available from individuals outside of the TMX relationship (i.e., the leader) are low, purportedly because TMX-based obligations protect individuals from over-utilizing low-quality resources from the leader. We tested our model in two studies. In Study 1, multisource team data revealed that TMX enhanced member performance when teammates possessed attributes associated with high-quality resources (i.e., high cognitive ability) or when the leader did not. In Study 2, we replicated these findings in a scenario experiment, showing that TMX impacted performance under different resource conditions via felt obligation to utilize teammates’ resources. Our findings advance the literature by delineating the teammate- and leader-resource conditions under which TMX benefits member performance, as well as demonstrating that felt obligation to utilize teammates’ resources is an important mechanism underlying these effects. Theoretical and practical implications are discussed.",2016.0,Crystal I Chien Farh; Klodiana Lanaj; Remus Ilieș,Academy of Management Journal,,https://openalex.org/W2336816265,openalex,Farh · 2016 · Academy of Management Journal,replication,both,"phrase:we replicated; no author-year cite | llm:""we replicated these findings in a scenario experiment""",high,single_original,low,10.5465/amj.2010.49388947,Resource-Based Contingencies of When Team–Member Exchange Helps Member Performance in Teams,2010.0,Liao,Liao · 2010.0,"@misc{Liao_2010.0, title={Resource-Based Contingencies of When Team–Member Exchange Helps Member Performance in Teams}, author={Liao}, year={2010.0}, doi={10.5465/amj.2010.49388947}, url={https://doi.org/10.5465/amj.2010.49388947}}","@article{CrystalIChienFarh_2016.0, title={Resource-Based Contingencies of When Team–Member Exchange Helps Member Performance in Teams}, author={Crystal I Chien Farh and Klodiana Lanaj and Remus Ilieș}, journal={Academy of Management Journal}, year={2016.0}, doi={10.5465/amj.2014.0261}, url={https://doi.org/10.5465/amj.2014.0261}}",llm_fulltext,The abstract provided is a direct match for the paper 'Resource-Based Contingencies of When Team–Member Exchange Helps Member Performance in Teams' published in the Academy of Management Journal in 2010. | DOI 10.5465/amj.2010.49388947 is not registered and no replacement was found,high,gemini-3-flash-preview,no_metadata,success,"In Study 1, multisource team data revealed that TMX enhanced member performance when teammates possessed attributes associated with high-quality resources (i.e., high cognitive ability) or when the leader did not. In Study 2, we replicated these findings in a scenario experiment, showing that TMX impacted performance under different resource conditions via felt obligation to utilize teammates’ resources. Our findings advance the literature by delineating the teammate- and leader-resource conditions under which TMX benefits member performance, as well as demonstrating that felt obligation to utilize teammates’ resources is an important mechanism underlying these effects.",high,abstract,,replication,1,1,unresolved_bad_link
049548224b7f29c08ac31ddecaa131e8,10.7892/boris.45134,Grapheme-color synaesthesia is associated with a distinct cognitive style,"In this study we investigated whether synaesthesia is associated with a particular cognitive style. Cognitive style refers to preferred modes of information processing, such as a verbal style or a visual style. We reasoned that related to the enriched world of experiences created by synaesthesia, its association with enhanced verbal and visual memory, higher imagery and creativity, synaesthetes might show enhanced preference for a verbal as well as for a visual cognitive style compared to non-synaesthetes. In Study 1 we tested a large convenience sample of 1046 participants, who classified themselves as grapheme-color, sound-color, lexical-gustatory, sequence-space, or as non-synaesthetes. To assess cognitive style, we used the revised verbalizer-visualizer questionnaire (VVQ), which involves three independent cognitive style dimensions (verbal style, visual-spatial style, and vivid imagery style). The most important result was that those who reported grapheme-color synaesthesia showed higher ratings on the verbal and vivid imagery style dimensions, but not on the visual-spatial style dimension. In Study 2 we replicated this finding in a laboratory study involving 24 grapheme-color synaesthetes with objectively confirmed synaesthesia and a closely matched control group. Our results indicate that grapheme-color synaesthetes prefer both a verbal and a specific visual cognitive style. We suggest that this enhanced preference, probably together with the greater ease to switch between a verbal and a vivid visual imagery style, may be related to cognitive advantages associated with grapheme color synaesthesia such as enhanced memory performance and creativity.",2015.0,"Meier, Beat; Rothen, Nicolas",Bern Open Repository and Information System (University of Bern),,https://openalex.org/W3141571807,openalex,Beat · 2015 · Bern Open Repository and Information System (University of Bern),replication,both,phrase:we replicated; no author-year cite | llm:“In Study 2 we replicated this finding in a laboratory study”,high,single_original,high,10.3389/fpsyg.2013.00632,Grapheme-color synaesthesia is associated with a distinct cognitive style,2013.0,"Meier, B.; Rothen, N.","Meier, B., & Rothen, N. (2013). Grapheme-color synaesthesia is associated with a distinct cognitive style. Frontiers in Psychology, 4, 632–632. https://doi.org/10.3389/fpsyg.2013.00632","@article{Meier_2013, title={Grapheme-color synaesthesia is associated with a distinct cognitive style}, author={Meier, B. and Rothen, N.}, journal={Frontiers in Psychology}, volume={4}, pages={632--632}, year={2013}, doi={10.3389/fpsyg.2013.00632}, url={https://doi.org/10.3389/fpsyg.2013.00632}}","@article{Meier_2015.0, title={Grapheme-color synaesthesia is associated with a distinct cognitive style}, author={Meier, Beat and Rothen, Nicolas}, journal={Bern Open Repository and Information System (University of Bern)}, year={2015.0}, doi={10.7892/boris.45134}, url={https://doi.org/10.7892/boris.45134}}",llm_fulltext,"In Study 1 we tested a large convenience sample of 1046 participants... In Study 2 we tested a group of 22 grapheme-color synaesthetes. | DOI corrected: 10.3389/fpsyg.2013.00575 pointed to a different work; replaced with 10.3389/fpsyg.2013.00632 (""Grapheme-color synaesthesia is associated with a distinct cognitive style"")",high,gemini-3-flash-preview,verified,success,"The most important result was that those who reported grapheme-color synaesthesia showed higher ratings on the verbal and vivid imagery style dimensions, but not on the visual-spatial style dimension. In Study 2 we replicated this finding in a laboratory study involving 24 grapheme-color synaesthetes with objectively confirmed synaesthesia and a closely matched control group. Our results indicate that grapheme-color synaesthetes prefer both a verbal and a specific visual cognitive style.",high,abstract,,replication,1,1,self_link_same_work
